-- Data-only backup with column mappings
-- Created: 2025-07-14 08:50:05
-- This backup includes column names for better schema compatibility

SET FOREIGN_KEY_CHECKS=0;
SET SQL_MODE='NO_AUTO_VALUE_ON_ZERO';


-- Table: activity_log (2 rows)
-- Columns: id, log_name, description, subject_type, subject_id, event, causer_type, causer_id, properties, batch_uuid, ip_address, user_agent, request_method, request_url, response_status, execution_time_ms, memory_usage_mb, query_count, context, tags, severity_level, created_at, updated_at
INSERT INTO `activity_log` (`id`, `log_name`, `description`, `subject_type`, `subject_id`, `event`, `causer_type`, `causer_id`, `properties`, `batch_uuid`, `ip_address`, `user_agent`, `request_method`, `request_url`, `response_status`, `execution_time_ms`, `memory_usage_mb`, `query_count`, `context`, `tags`, `severity_level`, `created_at`, `updated_at`) VALUES
(1, 'default', 'This model has been created', 'App\\Models\\User', '1', 'created', NULL, NULL, '{"attributes": {"name": "Admin", "email": "charybshawn@gmail.com", "phone": "250-000-0000"}}', NULL, NULL, NULL, NULL, NULL, NULL, NULL, NULL, NULL, NULL, NULL, 'info', '2025-07-14 08:37:29', '2025-07-14 08:37:29'),
(2, 'auth_login', 'User logged in', NULL, NULL, NULL, 'App\\Models\\User', '1', '{"guard": "web", "remember": false, "ip_address": "127.0.0.1", "session_id": "XnTcOwpoO7BaCApRQKvWsUhqjJposKLQqTP3Y4uP", "user_agent": "Mozilla/5.0 (Macintosh; Intel Mac OS X 10.15; rv:140.0) Gecko/20100101 Firefox/140.0", "login_method": "web"}', NULL, NULL, NULL, NULL, NULL, NULL, NULL, NULL, NULL, NULL, NULL, 'info', '2025-07-14 08:37:37', '2025-07-14 08:37:37');

-- Table: cache (5 rows)
-- Columns: key, value, expiration
INSERT INTO `cache` (`key`, `value`, `expiration`) VALUES
('laravel_cache_activity_log_count', 's:1:"2";', 1752508115),
('laravel_cache_lightweight_current_schema', 'a:91:{s:12:"activity_log";a:23:{i:0;s:2:"id";i:1;s:8:"log_name";i:2;s:11:"description";i:3;s:12:"subject_type";i:4;s:10:"subject_id";i:5;s:5:"event";i:6;s:11:"causer_type";i:7;s:9:"causer_id";i:8;s:10:"properties";i:9;s:10:"batch_uuid";i:10;s:10:"ip_address";i:11;s:10:"user_agent";i:12;s:14:"request_method";i:13;s:11:"request_url";i:14;s:15:"response_status";i:15;s:17:"execution_time_ms";i:16;s:15:"memory_usage_mb";i:17;s:11:"query_count";i:18;s:7:"context";i:19;s:4:"tags";i:20;s:14:"severity_level";i:21;s:10:"created_at";i:22;s:10:"updated_at";}s:25:"activity_log_api_requests";a:21:{i:0;s:2:"id";i:1;s:15:"activity_log_id";i:2;s:8:"endpoint";i:3;s:6:"method";i:4;s:11:"api_version";i:5;s:9:"client_id";i:6;s:10:"api_key_id";i:7;s:15:"request_headers";i:8;s:12:"request_body";i:9;s:16:"query_parameters";i:10;s:15:"response_status";i:11;s:16:"response_headers";i:12;s:13:"response_body";i:13;s:16:"response_time_ms";i:14;s:19:"response_size_bytes";i:15;s:10:"ip_address";i:16;s:10:"user_agent";i:17;s:16:"is_authenticated";i:18;s:7:"user_id";i:19;s:13:"error_message";i:20;s:15:"rate_limit_info";}s:28:"activity_log_background_jobs";a:19:{i:0;s:2:"id";i:1;s:15:"activity_log_id";i:2;s:6:"job_id";i:3;s:9:"job_class";i:4;s:10:"queue_name";i:5;s:6:"status";i:6;s:7:"payload";i:7;s:8:"attempts";i:8;s:12:"max_attempts";i:9;s:9:"queued_at";i:10;s:10:"started_at";i:11;s:12:"completed_at";i:12;s:9:"failed_at";i:13;s:22:"execution_time_seconds";i:14;s:14:"memory_peak_mb";i:15;s:17:"exception_message";i:16;s:15:"exception_trace";i:17;s:7:"user_id";i:18;s:4:"tags";}s:28:"activity_log_bulk_operations";a:16:{i:0;s:2:"id";i:1;s:10:"batch_uuid";i:2;s:14:"operation_type";i:3;s:10:"model_type";i:4;s:13:"total_records";i:5;s:17:"processed_records";i:6;s:14:"failed_records";i:7;s:6:"status";i:8;s:10:"parameters";i:9;s:7:"results";i:10;s:13:"error_message";i:11;s:12:"initiated_by";i:12;s:10:"started_at";i:13;s:12:"completed_at";i:14;s:22:"execution_time_seconds";i:15;s:14:"memory_peak_mb";}s:20:"activity_log_queries";a:9:{i:0;s:2:"id";i:1;s:15:"activity_log_id";i:2;s:3:"sql";i:3;s:8:"bindings";i:4;s:17:"execution_time_ms";i:5;s:15:"connection_name";i:6;s:10:"query_type";i:7;s:10:"table_name";i:8;s:13:"rows_affected";}s:23:"activity_log_statistics";a:28:{i:0;s:2:"id";i:1;s:4:"date";i:2;s:11:"period_type";i:3;s:8:"log_name";i:4;s:10:"event_type";i:5;s:10:"model_type";i:6;s:7:"user_id";i:7;s:16:"total_activities";i:8;s:12:"unique_users";i:9;s:10:"unique_ips";i:10;s:18:"activity_breakdown";i:11;s:19:"hourly_distribution";i:12;s:9:"top_users";i:13;s:11:"top_actions";i:14;s:10:"top_models";i:15;s:21:"avg_execution_time_ms";i:16;s:21:"max_execution_time_ms";i:17;s:23:"total_execution_time_ms";i:18;s:19:"avg_memory_usage_mb";i:19;s:19:"max_memory_usage_mb";i:20;s:13:"total_queries";i:21;s:11:"error_count";i:22;s:13:"warning_count";i:23;s:18:"severity_breakdown";i:24;s:25:"response_status_breakdown";i:25;s:17:"browser_breakdown";i:26;s:12:"os_breakdown";i:27;s:16:"device_breakdown";}s:5:"cache";a:3:{i:0;s:3:"key";i:1;s:5:"value";i:2;s:10:"expiration";}s:11:"cache_locks";a:3:{i:0;s:3:"key";i:1;s:5:"owner";i:2;s:10:"expiration";}s:10:"categories";a:6:{i:0;s:2:"id";i:1;s:4:"name";i:2;s:11:"description";i:3;s:9:"is_active";i:4;s:10:"created_at";i:5;s:10:"updated_at";}s:23:"consumable_transactions";a:12:{i:0;s:2:"id";i:1;s:13:"consumable_id";i:2;s:4:"type";i:3;s:8:"quantity";i:4;s:13:"balance_after";i:5;s:7:"user_id";i:6;s:14:"reference_type";i:7;s:12:"reference_id";i:8;s:5:"notes";i:9;s:8:"metadata";i:10;s:10:"created_at";i:11;s:10:"updated_at";}s:16:"consumable_types";a:9:{i:0;s:2:"id";i:1;s:4:"code";i:2;s:4:"name";i:3;s:11:"description";i:4;s:5:"color";i:5;s:9:"is_active";i:6;s:10:"sort_order";i:7;s:10:"created_at";i:8;s:10:"updated_at";}s:16:"consumable_units";a:12:{i:0;s:2:"id";i:1;s:4:"code";i:2;s:4:"name";i:3;s:6:"symbol";i:4;s:11:"description";i:5;s:8:"category";i:6;s:17:"conversion_factor";i:7;s:9:"base_unit";i:8;s:9:"is_active";i:9;s:10:"sort_order";i:10;s:10:"created_at";i:11;s:10:"updated_at";}s:11:"consumables";a:26:{i:0;s:2:"id";i:1;s:4:"name";i:2;s:18:"consumable_type_id";i:3;s:18:"consumable_unit_id";i:4;s:11:"supplier_id";i:5;s:17:"packaging_type_id";i:6;s:22:"master_seed_catalog_id";i:7;s:18:"master_cultivar_id";i:8;s:8:"cultivar";i:9;s:13:"initial_stock";i:10;s:13:"current_stock";i:11;s:14:"units_quantity";i:12;s:17:"restock_threshold";i:13;s:16:"restock_quantity";i:14;s:13:"cost_per_unit";i:15;s:17:"quantity_per_unit";i:16;s:13:"quantity_unit";i:17;s:14:"total_quantity";i:18;s:17:"consumed_quantity";i:19;s:5:"notes";i:20;s:6:"lot_no";i:21;s:9:"is_active";i:22;s:15:"last_ordered_at";i:23;s:10:"deleted_at";i:24;s:10:"created_at";i:25;s:10:"updated_at";}s:11:"crop_alerts";a:8:{i:0;s:2:"id";i:1;s:10:"alert_type";i:2;s:10:"conditions";i:3;s:9:"is_active";i:4;s:16:"last_executed_at";i:5;s:13:"scheduled_for";i:6;s:10:"created_at";i:7;s:10:"updated_at";}s:12:"crop_batches";a:5:{i:0;s:2:"id";i:1;s:9:"recipe_id";i:2;s:13:"planting_date";i:3;s:16:"current_stage_id";i:4;s:10:"tray_count";}s:12:"crop_harvest";a:8:{i:0;s:2:"id";i:1;s:7:"crop_id";i:2;s:10:"harvest_id";i:3;s:22:"harvested_weight_grams";i:4;s:20:"percentage_harvested";i:5;s:5:"notes";i:6;s:10:"created_at";i:7;s:10:"updated_at";}s:18:"crop_plan_statuses";a:9:{i:0;s:2:"id";i:1;s:4:"code";i:2;s:4:"name";i:3;s:11:"description";i:4;s:5:"color";i:5;s:9:"is_active";i:6;s:10:"sort_order";i:7;s:10:"created_at";i:8;s:10:"updated_at";}s:10:"crop_plans";a:24:{i:0;s:2:"id";i:1;s:23:"aggregated_crop_plan_id";i:2;s:5:"notes";i:3;s:9:"status_id";i:4;s:10:"created_by";i:5;s:8:"order_id";i:6;s:9:"recipe_id";i:7;s:10:"variety_id";i:8;s:12:"trays_needed";i:9;s:12:"grams_needed";i:10;s:14:"grams_per_tray";i:11;s:13:"plant_by_date";i:12;s:14:"seed_soak_date";i:13;s:21:"expected_harvest_date";i:14;s:13:"delivery_date";i:15;s:19:"calculation_details";i:16;s:20:"order_items_included";i:17;s:11:"approved_by";i:18;s:11:"approved_at";i:19;s:11:"admin_notes";i:20;s:17:"is_missing_recipe";i:21;s:20:"missing_recipe_notes";i:22;s:10:"created_at";i:23;s:10:"updated_at";}s:20:"crop_plans_aggregate";a:14:{i:0;s:2:"id";i:1;s:10:"variety_id";i:2;s:12:"harvest_date";i:3;s:18:"total_grams_needed";i:4;s:18:"total_trays_needed";i:5;s:14:"grams_per_tray";i:6;s:10:"plant_date";i:7;s:14:"seed_soak_date";i:8;s:6:"status";i:9;s:19:"calculation_details";i:10;s:10:"created_by";i:11;s:10:"updated_by";i:12;s:10:"created_at";i:13;s:10:"updated_at";}s:11:"crop_stages";a:12:{i:0;s:2:"id";i:1;s:4:"code";i:2;s:4:"name";i:3;s:11:"description";i:4;s:5:"color";i:5;s:9:"is_active";i:6;s:10:"sort_order";i:7;s:21:"typical_duration_days";i:8;s:14:"requires_light";i:9;s:17:"requires_watering";i:10;s:10:"created_at";i:11;s:10:"updated_at";}s:13:"crop_statuses";a:11:{i:0;s:2:"id";i:1;s:4:"code";i:2;s:4:"name";i:3;s:11:"description";i:4;s:5:"color";i:5;s:9:"is_active";i:6;s:10:"sort_order";i:7;s:8:"is_final";i:8;s:20:"allows_modifications";i:9;s:10:"created_at";i:10;s:10:"updated_at";}s:5:"crops";a:26:{i:0;s:2:"id";i:1;s:9:"recipe_id";i:2;s:8:"order_id";i:3;s:12:"crop_plan_id";i:4;s:11:"tray_number";i:5;s:16:"current_stage_id";i:6;s:16:"stage_updated_at";i:7;s:11:"planting_at";i:8;s:14:"germination_at";i:9;s:11:"blackout_at";i:10;s:8:"light_at";i:11;s:12:"harvested_at";i:12;s:20:"harvest_weight_grams";i:13;s:21:"watering_suspended_at";i:14;s:5:"notes";i:15;s:26:"time_to_next_stage_minutes";i:16;s:26:"time_to_next_stage_display";i:17;s:17:"stage_age_minutes";i:18;s:17:"stage_age_display";i:19;s:17:"total_age_minutes";i:20;s:17:"total_age_display";i:21;s:19:"expected_harvest_at";i:22;s:10:"tray_count";i:23;s:12:"tray_numbers";i:24;s:10:"created_at";i:25;s:10:"updated_at";}s:10:"currencies";a:9:{i:0;s:2:"id";i:1;s:4:"code";i:2;s:4:"name";i:3;s:6:"symbol";i:4;s:11:"description";i:5;s:9:"is_active";i:6;s:10:"sort_order";i:7;s:10:"created_at";i:8;s:10:"updated_at";}s:14:"customer_types";a:8:{i:0;s:2:"id";i:1;s:4:"code";i:2;s:4:"name";i:3;s:11:"description";i:4;s:9:"is_active";i:5;s:10:"sort_order";i:6;s:10:"created_at";i:7;s:10:"updated_at";}s:9:"customers";a:16:{i:0;s:2:"id";i:1;s:12:"contact_name";i:2;s:5:"email";i:3;s:8:"cc_email";i:4;s:5:"phone";i:5;s:16:"customer_type_id";i:6;s:13:"business_name";i:7;s:29:"wholesale_discount_percentage";i:8;s:7:"address";i:9;s:4:"city";i:10;s:8:"province";i:11;s:11:"postal_code";i:12;s:7:"country";i:13;s:7:"user_id";i:14;s:10:"created_at";i:15;s:10:"updated_at";}s:17:"delivery_statuses";a:9:{i:0;s:2:"id";i:1;s:4:"code";i:2;s:4:"name";i:3;s:11:"description";i:4;s:5:"color";i:5;s:9:"is_active";i:6;s:10:"sort_order";i:7;s:10:"created_at";i:8;s:10:"updated_at";}s:20:"fulfillment_statuses";a:11:{i:0;s:2:"id";i:1;s:4:"code";i:2;s:4:"name";i:3;s:11:"description";i:4;s:5:"color";i:5;s:9:"is_active";i:6;s:10:"sort_order";i:7;s:8:"is_final";i:8;s:20:"allows_modifications";i:9;s:10:"created_at";i:10;s:10:"updated_at";}s:8:"harvests";a:11:{i:0;s:2:"id";i:1;s:18:"master_cultivar_id";i:2;s:7:"user_id";i:3;s:18:"total_weight_grams";i:4;s:10:"tray_count";i:5;s:12:"harvest_date";i:6;s:15:"week_start_date";i:7;s:5:"notes";i:8;s:23:"average_weight_per_tray";i:9;s:10:"created_at";i:10;s:10:"updated_at";}s:30:"inventory_reservation_statuses";a:12:{i:0;s:2:"id";i:1;s:4:"code";i:2;s:4:"name";i:3;s:11:"description";i:4;s:5:"color";i:5;s:9:"is_active";i:6;s:10:"sort_order";i:7;s:8:"is_final";i:8;s:20:"allows_modifications";i:9;s:18:"auto_release_hours";i:10;s:10:"created_at";i:11;s:10:"updated_at";}s:22:"inventory_reservations";a:11:{i:0;s:2:"id";i:1;s:20:"product_inventory_id";i:2;s:10:"product_id";i:3;s:8:"order_id";i:4;s:13:"order_item_id";i:5;s:8:"quantity";i:6;s:9:"status_id";i:7;s:10:"expires_at";i:8;s:12:"fulfilled_at";i:9;s:10:"created_at";i:10;s:10:"updated_at";}s:27:"inventory_transaction_types";a:9:{i:0;s:2:"id";i:1;s:4:"code";i:2;s:4:"name";i:3;s:11:"description";i:4;s:5:"color";i:5;s:9:"is_active";i:6;s:10:"sort_order";i:7;s:10:"created_at";i:8;s:10:"updated_at";}s:22:"inventory_transactions";a:15:{i:0;s:2:"id";i:1;s:20:"product_inventory_id";i:2;s:10:"product_id";i:3;s:29:"inventory_transaction_type_id";i:4;s:8:"quantity";i:5;s:13:"balance_after";i:6;s:9:"unit_cost";i:7;s:10:"total_cost";i:8;s:14:"reference_type";i:9;s:12:"reference_id";i:10;s:7:"user_id";i:11;s:5:"notes";i:12;s:8:"metadata";i:13;s:10:"created_at";i:14;s:10:"updated_at";}s:16:"invoice_statuses";a:9:{i:0;s:2:"id";i:1;s:4:"code";i:2;s:4:"name";i:3;s:11:"description";i:4;s:5:"color";i:5;s:9:"is_active";i:6;s:10:"sort_order";i:7;s:10:"created_at";i:8;s:10:"updated_at";}s:8:"invoices";a:15:{i:0;s:2:"id";i:1;s:8:"order_id";i:2;s:6:"amount";i:3;s:17:"payment_status_id";i:4;s:7:"sent_at";i:5;s:7:"paid_at";i:6;s:8:"due_date";i:7;s:14:"invoice_number";i:8;s:5:"notes";i:9;s:15:"is_consolidated";i:10;s:24:"consolidated_order_count";i:11;s:22:"consolidated_order_ids";i:12;s:11:"customer_id";i:13;s:10:"created_at";i:14;s:10:"updated_at";}s:11:"job_batches";a:9:{i:0;s:2:"id";i:1;s:4:"name";i:2;s:10:"total_jobs";i:3;s:12:"pending_jobs";i:4;s:11:"failed_jobs";i:5;s:14:"failed_job_ids";i:6;s:7:"options";i:7;s:12:"cancelled_at";i:8;s:11:"finished_at";}s:4:"jobs";a:7:{i:0;s:2:"id";i:1;s:5:"queue";i:2;s:7:"payload";i:3;s:8:"attempts";i:4;s:11:"reserved_at";i:5;s:12:"available_at";i:6;s:10:"created_at";}s:16:"master_cultivars";a:8:{i:0;s:2:"id";i:1;s:22:"master_seed_catalog_id";i:2;s:13:"cultivar_name";i:3;s:11:"description";i:4;s:9:"is_active";i:5;s:7:"aliases";i:6;s:10:"created_at";i:7;s:10:"updated_at";}s:19:"master_seed_catalog";a:10:{i:0;s:2:"id";i:1;s:11:"common_name";i:2;s:9:"cultivars";i:3;s:8:"category";i:4;s:7:"aliases";i:5;s:13:"growing_notes";i:6;s:11:"description";i:7;s:9:"is_active";i:8;s:10:"created_at";i:9;s:10:"updated_at";}s:10:"migrations";a:3:{i:0;s:2:"id";i:1;s:9:"migration";i:2;s:5:"batch";}s:21:"model_has_permissions";a:3:{i:0;s:13:"permission_id";i:1;s:10:"model_type";i:2;s:8:"model_id";}s:15:"model_has_roles";a:3:{i:0;s:7:"role_id";i:1;s:10:"model_type";i:2;s:8:"model_id";}s:21:"notification_settings";a:8:{i:0;s:2:"id";i:1;s:7:"user_id";i:2;s:7:"channel";i:3;s:4:"type";i:4;s:10:"is_enabled";i:5;s:8:"settings";i:6;s:10:"created_at";i:7;s:10:"updated_at";}s:13:"notifications";a:8:{i:0;s:2:"id";i:1;s:4:"type";i:2;s:15:"notifiable_type";i:3;s:13:"notifiable_id";i:4;s:4:"data";i:5;s:7:"read_at";i:6;s:10:"created_at";i:7;s:10:"updated_at";}s:21:"order_classifications";a:9:{i:0;s:2:"id";i:1;s:4:"code";i:2;s:4:"name";i:3;s:11:"description";i:4;s:5:"color";i:5;s:9:"is_active";i:6;s:10:"sort_order";i:7;s:10:"created_at";i:8;s:10:"updated_at";}s:16:"order_packagings";a:9:{i:0;s:2:"id";i:1;s:8:"order_id";i:2;s:17:"packaging_type_id";i:3;s:8:"quantity";i:4;s:14:"price_per_unit";i:5;s:11:"total_price";i:6;s:5:"notes";i:7;s:10:"created_at";i:8;s:10:"updated_at";}s:14:"order_products";a:10:{i:0;s:2:"id";i:1;s:8:"order_id";i:2;s:10:"product_id";i:3;s:18:"price_variation_id";i:4;s:8:"quantity";i:5;s:13:"quantity_unit";i:6;s:17:"quantity_in_grams";i:7;s:5:"price";i:8;s:10:"created_at";i:9;s:10:"updated_at";}s:14:"order_statuses";a:14:{i:0;s:2:"id";i:1;s:4:"code";i:2;s:4:"name";i:3;s:11:"description";i:4;s:5:"color";i:5;s:11:"badge_color";i:6;s:5:"stage";i:7;s:14:"requires_crops";i:8;s:9:"is_active";i:9;s:8:"is_final";i:10;s:20:"allows_modifications";i:11;s:10:"sort_order";i:12;s:10:"created_at";i:13;s:10:"updated_at";}s:11:"order_types";a:9:{i:0;s:2:"id";i:1;s:4:"code";i:2;s:4:"name";i:3;s:11:"description";i:4;s:5:"color";i:5;s:9:"is_active";i:6;s:10:"sort_order";i:7;s:10:"created_at";i:8;s:10:"updated_at";}s:6:"orders";a:36:{i:0;s:2:"id";i:1;s:7:"user_id";i:2;s:11:"customer_id";i:3;s:12:"harvest_date";i:4;s:13:"delivery_date";i:5;s:11:"harvest_day";i:6;s:12:"delivery_day";i:7;s:17:"start_delay_weeks";i:8;s:9:"status_id";i:9;s:14:"crop_status_id";i:10;s:21:"fulfillment_status_id";i:11;s:17:"payment_status_id";i:12;s:18:"delivery_status_id";i:13;s:13:"customer_type";i:14;s:13:"order_type_id";i:15;s:17:"billing_frequency";i:16;s:16:"requires_invoice";i:17;s:20:"billing_period_start";i:18;s:18:"billing_period_end";i:19;s:23:"consolidated_invoice_id";i:20;s:19:"billing_preferences";i:21;s:23:"order_classification_id";i:22;s:14:"billing_period";i:23;s:12:"is_recurring";i:24;s:25:"parent_recurring_order_id";i:25;s:19:"recurring_frequency";i:26;s:20:"recurring_start_date";i:27;s:18:"recurring_end_date";i:28;s:19:"is_recurring_active";i:29;s:22:"recurring_days_of_week";i:30;s:18:"recurring_interval";i:31;s:17:"last_generated_at";i:32;s:20:"next_generation_date";i:33;s:5:"notes";i:34;s:10:"created_at";i:35;s:10:"updated_at";}s:25:"packaging_type_categories";a:9:{i:0;s:2:"id";i:1;s:4:"code";i:2;s:4:"name";i:3;s:11:"description";i:4;s:5:"color";i:5;s:9:"is_active";i:6;s:10:"sort_order";i:7;s:10:"created_at";i:8;s:10:"updated_at";}s:15:"packaging_types";a:11:{i:0;s:2:"id";i:1;s:4:"name";i:2;s:16:"type_category_id";i:3;s:12:"unit_type_id";i:4;s:15:"capacity_volume";i:5;s:11:"volume_unit";i:6;s:11:"description";i:7;s:9:"is_active";i:8;s:13:"cost_per_unit";i:9;s:10:"created_at";i:10;s:10:"updated_at";}s:20:"packaging_unit_types";a:9:{i:0;s:2:"id";i:1;s:4:"code";i:2;s:4:"name";i:3;s:11:"description";i:4;s:5:"color";i:5;s:9:"is_active";i:6;s:10:"sort_order";i:7;s:10:"created_at";i:8;s:10:"updated_at";}s:21:"password_reset_tokens";a:2:{i:0;s:5:"email";i:1;s:5:"token";}s:15:"payment_methods";a:10:{i:0;s:2:"id";i:1;s:4:"code";i:2;s:4:"name";i:3;s:11:"description";i:4;s:5:"color";i:5;s:9:"is_active";i:6;s:19:"requires_processing";i:7;s:10:"sort_order";i:8;s:10:"created_at";i:9;s:10:"updated_at";}s:16:"payment_statuses";a:11:{i:0;s:2:"id";i:1;s:4:"code";i:2;s:4:"name";i:3;s:11:"description";i:4;s:5:"color";i:5;s:9:"is_active";i:6;s:10:"sort_order";i:7;s:8:"is_final";i:8;s:20:"allows_modifications";i:9;s:10:"created_at";i:10;s:10:"updated_at";}s:8:"payments";a:10:{i:0;s:2:"id";i:1;s:8:"order_id";i:2;s:6:"amount";i:3;s:17:"payment_method_id";i:4;s:9:"status_id";i:5;s:14:"transaction_id";i:6;s:7:"paid_at";i:7;s:5:"notes";i:8;s:10:"created_at";i:9;s:10:"updated_at";}s:11:"permissions";a:5:{i:0;s:2:"id";i:1;s:4:"name";i:2;s:10:"guard_name";i:3;s:10:"created_at";i:4;s:10:"updated_at";}s:22:"personal_access_tokens";a:8:{i:0;s:2:"id";i:1;s:14:"tokenable_type";i:2;s:12:"tokenable_id";i:3;s:4:"name";i:4;s:5:"token";i:5;s:9:"abilities";i:6;s:12:"last_used_at";i:7;s:10:"expires_at";}s:19:"product_inventories";a:16:{i:0;s:2:"id";i:1;s:10:"product_id";i:2;s:18:"price_variation_id";i:3;s:12:"batch_number";i:4;s:10:"lot_number";i:5;s:8:"quantity";i:6;s:17:"reserved_quantity";i:7;s:18:"available_quantity";i:8;s:13:"cost_per_unit";i:9;s:15:"expiration_date";i:10;s:15:"production_date";i:11;s:8:"location";i:12;s:5:"notes";i:13;s:27:"product_inventory_status_id";i:14;s:10:"created_at";i:15;s:10:"updated_at";}s:26:"product_inventory_statuses";a:9:{i:0;s:2:"id";i:1;s:4:"code";i:2;s:4:"name";i:3;s:11:"description";i:4;s:5:"color";i:5;s:9:"is_active";i:6;s:10:"sort_order";i:7;s:10:"created_at";i:8;s:10:"updated_at";}s:25:"product_inventory_summary";a:8:{i:0;s:10:"product_id";i:1;s:14:"total_quantity";i:2;s:14:"total_reserved";i:3;s:15:"total_available";i:4;s:8:"avg_cost";i:5;s:19:"earliest_expiration";i:6;s:11:"batch_count";i:7;s:14:"location_count";}s:22:"product_mix_components";a:8:{i:0;s:2:"id";i:1;s:14:"product_mix_id";i:2;s:22:"master_seed_catalog_id";i:3;s:10:"percentage";i:4;s:8:"cultivar";i:5;s:9:"recipe_id";i:6;s:10:"created_at";i:7;s:10:"updated_at";}s:13:"product_mixes";a:6:{i:0;s:2:"id";i:1;s:4:"name";i:2;s:11:"description";i:3;s:9:"is_active";i:4;s:10:"created_at";i:5;s:10:"updated_at";}s:14:"product_photos";a:7:{i:0;s:2:"id";i:1;s:10:"product_id";i:2;s:5:"photo";i:3;s:10:"is_default";i:4;s:5:"order";i:5;s:10:"created_at";i:6;s:10:"updated_at";}s:24:"product_price_variations";a:19:{i:0;s:2:"id";i:1;s:4:"name";i:2;s:14:"is_name_manual";i:3;s:4:"unit";i:4;s:12:"pricing_unit";i:5;s:3:"sku";i:6;s:6:"weight";i:7;s:5:"price";i:8;s:11:"fill_weight";i:9;s:17:"packaging_type_id";i:10;s:12:"pricing_type";i:11;s:17:"fill_weight_grams";i:12;s:11:"template_id";i:13;s:10:"is_default";i:14;s:9:"is_global";i:15;s:9:"is_active";i:16;s:10:"product_id";i:17;s:10:"created_at";i:18;s:10:"updated_at";}s:22:"product_stock_statuses";a:9:{i:0;s:2:"id";i:1;s:4:"code";i:2;s:4:"name";i:3;s:11:"description";i:4;s:5:"color";i:5;s:9:"is_active";i:6;s:10:"sort_order";i:7;s:10:"created_at";i:8;s:10:"updated_at";}s:8:"products";a:25:{i:0;s:2:"id";i:1;s:4:"name";i:2;s:11:"description";i:3;s:3:"sku";i:4;s:22:"master_seed_catalog_id";i:5;s:10:"base_price";i:6;s:15:"wholesale_price";i:7;s:10:"bulk_price";i:8;s:13:"special_price";i:9;s:29:"wholesale_discount_percentage";i:10;s:19:"is_visible_in_store";i:11;s:6:"active";i:12;s:5:"image";i:13;s:11:"category_id";i:14;s:14:"product_mix_id";i:15;s:9:"recipe_id";i:16;s:11:"total_stock";i:17;s:14:"reserved_stock";i:18;s:17:"reorder_threshold";i:19;s:15:"track_inventory";i:20;s:15:"stock_status_id";i:21;s:15:"available_stock";i:22;s:10:"deleted_at";i:23;s:10:"created_at";i:24;s:10:"updated_at";}s:18:"recipe_stage_types";a:9:{i:0;s:2:"id";i:1;s:4:"code";i:2;s:4:"name";i:3;s:11:"description";i:4;s:5:"color";i:5;s:9:"is_active";i:6;s:10:"sort_order";i:7;s:10:"created_at";i:8;s:10:"updated_at";}s:24:"recipe_watering_schedule";a:9:{i:0;s:2:"id";i:1;s:9:"recipe_id";i:2;s:10:"day_number";i:3;s:15:"water_amount_ml";i:4;s:15:"watering_method";i:5;s:23:"needs_liquid_fertilizer";i:6;s:5:"notes";i:7;s:10:"created_at";i:8;s:10:"updated_at";}s:7:"recipes";a:25:{i:0;s:2:"id";i:1;s:4:"name";i:2;s:22:"master_seed_catalog_id";i:3;s:18:"master_cultivar_id";i:4;s:18:"soil_consumable_id";i:5;s:18:"seed_consumable_id";i:6;s:10:"lot_number";i:7;s:15:"lot_depleted_at";i:8;s:15:"seed_soak_hours";i:9;s:16:"germination_days";i:10;s:13:"blackout_days";i:11;s:10:"light_days";i:12;s:12:"harvest_days";i:13;s:16:"days_to_maturity";i:14;s:20:"expected_yield_grams";i:15;s:27:"seed_density_grams_per_tray";i:16;s:17:"buffer_percentage";i:17;s:22:"suspend_watering_hours";i:18;s:9:"is_active";i:19;s:5:"notes";i:20;s:19:"suspend_water_hours";i:21;s:11:"common_name";i:22;s:13:"cultivar_name";i:23;s:10:"created_at";i:24;s:10:"updated_at";}s:20:"role_has_permissions";a:2:{i:0;s:13:"permission_id";i:1;s:7:"role_id";}s:5:"roles";a:5:{i:0;s:2:"id";i:1;s:4:"name";i:2;s:10:"guard_name";i:3;s:10:"created_at";i:4;s:10:"updated_at";}s:15:"seed_categories";a:9:{i:0;s:2:"id";i:1;s:4:"code";i:2;s:4:"name";i:3;s:11:"description";i:4;s:5:"color";i:5;s:9:"is_active";i:6;s:10:"sort_order";i:7;s:10:"created_at";i:8;s:10:"updated_at";}s:12:"seed_entries";a:14:{i:0;s:2:"id";i:1;s:11:"common_name";i:2;s:13:"cultivar_name";i:3;s:22:"supplier_product_title";i:4;s:11:"supplier_id";i:5;s:12:"supplier_sku";i:6;s:20:"supplier_product_url";i:7;s:9:"image_url";i:8;s:11:"description";i:9;s:4:"tags";i:10;s:3:"url";i:11;s:9:"is_active";i:12;s:10:"created_at";i:13;s:10:"updated_at";}s:18:"seed_price_history";a:9:{i:0;s:2:"id";i:1;s:17:"seed_variation_id";i:2;s:5:"price";i:3;s:8:"currency";i:4;s:11:"is_in_stock";i:5;s:10:"checked_at";i:6;s:10:"scraped_at";i:7;s:10:"created_at";i:8;s:10:"updated_at";}s:19:"seed_scrape_uploads";a:16:{i:0;s:2:"id";i:1;s:11:"supplier_id";i:2;s:8:"filename";i:3;s:13:"total_entries";i:4;s:11:"new_entries";i:5;s:15:"updated_entries";i:6;s:20:"failed_entries_count";i:7;s:6:"status";i:8;s:14:"failed_entries";i:9;s:11:"uploaded_by";i:10;s:11:"uploaded_at";i:11;s:12:"processed_at";i:12;s:5:"notes";i:13;s:18:"successful_entries";i:14;s:10:"created_at";i:15;s:10:"updated_at";}s:15:"seed_variations";a:17:{i:0;s:2:"id";i:1;s:13:"seed_entry_id";i:2;s:3:"sku";i:3;s:13:"consumable_id";i:4;s:4:"size";i:5;s:9:"weight_kg";i:6;s:21:"original_weight_value";i:7;s:20:"original_weight_unit";i:8;s:4:"unit";i:9;s:13:"current_price";i:10;s:8:"currency";i:11;s:12:"is_available";i:12;s:15:"last_checked_at";i:13;s:16:"size_description";i:14;s:11:"is_in_stock";i:15;s:10:"created_at";i:16;s:10:"updated_at";}s:8:"sessions";a:6:{i:0;s:2:"id";i:1;s:7:"user_id";i:2;s:10:"ip_address";i:3;s:10:"user_agent";i:4;s:7:"payload";i:5;s:13:"last_activity";}s:8:"settings";a:6:{i:0;s:2:"id";i:1;s:3:"key";i:2;s:5:"value";i:3;s:11:"description";i:4;s:4:"type";i:5;s:5:"group";}s:24:"supplier_source_mappings";a:11:{i:0;s:2:"id";i:1;s:11:"supplier_id";i:2;s:10:"source_url";i:3;s:6:"domain";i:4;s:11:"source_name";i:5;s:17:"source_identifier";i:6;s:12:"mapping_data";i:7;s:8:"metadata";i:8;s:9:"is_active";i:9;s:10:"created_at";i:10;s:10:"updated_at";}s:14:"supplier_types";a:8:{i:0;s:2:"id";i:1;s:4:"code";i:2;s:4:"name";i:3;s:11:"description";i:4;s:9:"is_active";i:5;s:10:"sort_order";i:6;s:10:"created_at";i:7;s:10:"updated_at";}s:9:"suppliers";a:11:{i:0;s:2:"id";i:1;s:4:"name";i:2;s:16:"supplier_type_id";i:3;s:12:"contact_name";i:4;s:13:"contact_email";i:5;s:13:"contact_phone";i:6;s:7:"address";i:7;s:5:"notes";i:8;s:9:"is_active";i:9;s:10:"created_at";i:10;s:10:"updated_at";}s:14:"task_schedules";a:16:{i:0;s:2:"id";i:1;s:13:"resource_type";i:2;s:9:"task_name";i:3;s:4:"name";i:4;s:11:"description";i:5;s:9:"frequency";i:6;s:15:"schedule_config";i:7;s:11:"time_of_day";i:8;s:11:"day_of_week";i:9;s:12:"day_of_month";i:10;s:10:"conditions";i:11;s:9:"is_active";i:12;s:11:"last_run_at";i:13;s:11:"next_run_at";i:14;s:10:"created_at";i:15;s:10:"updated_at";}s:10:"task_types";a:7:{i:0;s:2:"id";i:1;s:4:"name";i:2;s:8:"category";i:3;s:10:"sort_order";i:4;s:9:"is_active";i:5;s:10:"created_at";i:6;s:10:"updated_at";}s:5:"tasks";a:11:{i:0;s:2:"id";i:1;s:5:"title";i:2;s:11:"description";i:3;s:9:"task_type";i:4;s:8:"due_date";i:5;s:12:"completed_at";i:6;s:11:"assigned_to";i:7;s:8:"priority";i:8;s:6:"status";i:9;s:10:"created_at";i:10;s:10:"updated_at";}s:18:"time_card_statuses";a:9:{i:0;s:2:"id";i:1;s:4:"code";i:2;s:4:"name";i:3;s:11:"description";i:4;s:5:"color";i:5;s:9:"is_active";i:6;s:10:"sort_order";i:7;s:10:"created_at";i:8;s:10:"updated_at";}s:15:"time_card_tasks";a:7:{i:0;s:2:"id";i:1;s:12:"time_card_id";i:2;s:9:"task_name";i:3;s:12:"task_type_id";i:4;s:9:"is_custom";i:5;s:10:"created_at";i:6;s:10:"updated_at";}s:10:"time_cards";a:17:{i:0;s:2:"id";i:1;s:7:"user_id";i:2;s:8:"clock_in";i:3;s:9:"clock_out";i:4;s:16:"duration_minutes";i:5;s:9:"work_date";i:6;s:19:"time_card_status_id";i:7;s:18:"max_shift_exceeded";i:8;s:21:"max_shift_exceeded_at";i:9;s:15:"requires_review";i:10;s:5:"flags";i:11;s:12:"review_notes";i:12;s:5:"notes";i:13;s:10:"ip_address";i:14;s:10:"user_agent";i:15;s:10:"created_at";i:16;s:10:"updated_at";}s:5:"users";a:16:{i:0;s:2:"id";i:1;s:4:"name";i:2;s:5:"email";i:3;s:5:"phone";i:4;s:17:"email_verified_at";i:5;s:8:"password";i:6;s:16:"customer_type_id";i:7;s:29:"wholesale_discount_percentage";i:8;s:12:"company_name";i:9;s:7:"address";i:10;s:4:"city";i:11;s:5:"state";i:12;s:3:"zip";i:13;s:14:"remember_token";i:14;s:10:"created_at";i:15;s:10:"updated_at";}s:12:"volume_units";a:10:{i:0;s:2:"id";i:1;s:4:"code";i:2;s:4:"name";i:3;s:6:"symbol";i:4;s:11:"description";i:5;s:17:"conversion_factor";i:6;s:9:"is_active";i:7;s:10:"sort_order";i:8;s:10:"created_at";i:9;s:10:"updated_at";}s:12:"weight_units";a:10:{i:0;s:2:"id";i:1;s:4:"code";i:2;s:4:"name";i:3;s:6:"symbol";i:4;s:11:"description";i:5;s:17:"conversion_factor";i:6;s:9:"is_active";i:7;s:10:"sort_order";i:8;s:10:"created_at";i:9;s:10:"updated_at";}}', 1752507764),
('laravel_cache_livewire-rate-limiter:a17961fa74e9275d529f489537f179c05d50c2f3', 'i:1;', 1752507516),
('laravel_cache_livewire-rate-limiter:a17961fa74e9275d529f489537f179c05d50c2f3:timer', 'i:1752507516;', 1752507516),
('laravel_cache_spatie.permission.cache', 'a:3:{s:5:"alias";a:4:{s:1:"a";s:2:"id";s:1:"b";s:4:"name";s:1:"c";s:10:"guard_name";s:1:"r";s:5:"roles";}s:11:"permissions";a:7:{i:0;a:4:{s:1:"a";i:1;s:1:"b";s:15:"access filament";s:1:"c";s:3:"web";s:1:"r";a:2:{i:0;i:1;i:1;i:2;}}i:1;a:4:{s:1:"a";i:2;s:1:"b";s:15:"manage products";s:1:"c";s:3:"web";s:1:"r";a:1:{i:0;i:1;}}i:2;a:4:{s:1:"a";i:3;s:1:"b";s:13:"view products";s:1:"c";s:3:"web";s:1:"r";a:3:{i:0;i:1;i:1;i:2;i:2;i:3;}}i:3;a:4:{s:1:"a";i:4;s:1:"b";s:13:"edit products";s:1:"c";s:3:"web";s:1:"r";a:2:{i:0;i:1;i:1;i:2;}}i:4;a:4:{s:1:"a";i:5;s:1:"b";s:15:"delete products";s:1:"c";s:3:"web";s:1:"r";a:1:{i:0;i:1;}}i:5;a:4:{s:1:"a";i:6;s:1:"b";s:15:"view_own_orders";s:1:"c";s:3:"web";s:1:"r";a:1:{i:0;i:4;}}i:6;a:4:{s:1:"a";i:7;s:1:"b";s:16:"view_own_profile";s:1:"c";s:3:"web";s:1:"r";a:1:{i:0;i:4;}}}s:5:"roles";a:4:{i:0;a:3:{s:1:"a";i:1;s:1:"b";s:5:"admin";s:1:"c";s:3:"web";}i:1;a:3:{s:1:"a";i:2;s:1:"b";s:7:"manager";s:1:"c";s:3:"web";}i:2;a:3:{s:1:"a";i:3;s:1:"b";s:4:"user";s:1:"c";s:3:"web";}i:3;a:3:{s:1:"a";i:4;s:1:"b";s:8:"customer";s:1:"c";s:3:"web";}}}', 1752593857);

-- Table: consumable_types (5 rows)
-- Columns: id, code, name, description, color, is_active, sort_order, created_at, updated_at
INSERT INTO `consumable_types` (`id`, `code`, `name`, `description`, `color`, `is_active`, `sort_order`, `created_at`, `updated_at`) VALUES
(1, 'packaging', 'Packaging', 'Containers, bags, labels, and packaging materials', 'blue', 1, 1, '2025-07-14 08:37:29', '2025-07-14 08:37:29'),
(2, 'soil', 'Soil', 'Growing medium, soil amendments, and substrates', 'yellow', 1, 2, '2025-07-14 08:37:29', '2025-07-14 08:37:29'),
(3, 'seed', 'Seeds', 'Seeds and planting materials', 'green', 1, 3, '2025-07-14 08:37:29', '2025-07-14 08:37:29'),
(4, 'label', 'Labels', 'Product labels, stickers, and identification materials', 'purple', 1, 4, '2025-07-14 08:37:29', '2025-07-14 08:37:29'),
(5, 'other', 'Other', 'Miscellaneous consumable items', 'gray', 1, 5, '2025-07-14 08:37:29', '2025-07-14 08:37:29');

-- Table: consumable_units (10 rows)
-- Columns: id, code, name, symbol, description, category, conversion_factor, base_unit, is_active, sort_order, created_at, updated_at
INSERT INTO `consumable_units` (`id`, `code`, `name`, `symbol`, `description`, `category`, `conversion_factor`, `base_unit`, `is_active`, `sort_order`, `created_at`, `updated_at`) VALUES
(1, 'unit', 'Unit', 'ea', 'Individual items or pieces', 'count', '1.0000000000', 'unit', 1, 1, '2025-07-14 08:37:29', '2025-07-14 08:37:29'),
(2, 'bag', 'Bag', 'bag', 'Items packaged in bags', 'count', '1.0000000000', 'unit', 1, 2, '2025-07-14 08:37:29', '2025-07-14 08:37:29'),
(3, 'tray', 'Tray', 'tray', 'Items packaged in trays', 'count', '1.0000000000', 'unit', 1, 3, '2025-07-14 08:37:29', '2025-07-14 08:37:29'),
(4, 'gram', 'Gram', 'g', 'Metric weight unit', 'weight', '1.0000000000', 'gram', 1, 10, '2025-07-14 08:37:29', '2025-07-14 08:37:29'),
(5, 'kilogram', 'Kilogram', 'kg', 'Metric weight unit (1000 grams)', 'weight', '1000.0000000000', 'gram', 1, 11, '2025-07-14 08:37:29', '2025-07-14 08:37:29'),
(6, 'ounce', 'Ounce', 'oz', 'Imperial weight unit', 'weight', '28.3495000000', 'gram', 1, 12, '2025-07-14 08:37:29', '2025-07-14 08:37:29'),
(7, 'pound', 'Pound', 'lb', 'Imperial weight unit (16 ounces)', 'weight', '453.5920000000', 'gram', 1, 13, '2025-07-14 08:37:29', '2025-07-14 08:37:29'),
(8, 'millilitre', 'Millilitre', 'mL', 'Metric volume unit', 'volume', '1.0000000000', 'millilitre', 1, 20, '2025-07-14 08:37:29', '2025-07-14 08:37:29'),
(9, 'litre', 'Litre', 'L', 'Metric volume unit (1000 mL)', 'volume', '1000.0000000000', 'millilitre', 1, 21, '2025-07-14 08:37:29', '2025-07-14 08:37:29'),
(10, 'gallon', 'Gallon', 'gal', 'Imperial volume unit', 'volume', '4546.0900000000', 'millilitre', 1, 22, '2025-07-14 08:37:29', '2025-07-14 08:37:29');

-- Table: crop_plan_statuses (4 rows)
-- Columns: id, code, name, description, color, is_active, sort_order, created_at, updated_at
INSERT INTO `crop_plan_statuses` (`id`, `code`, `name`, `description`, `color`, `is_active`, `sort_order`, `created_at`, `updated_at`) VALUES
(1, 'draft', 'Draft', 'Plan is being created and can be freely modified', 'gray', 1, 1, '2025-07-14 08:37:29', '2025-07-14 08:37:29'),
(2, 'active', 'Active', 'Plan is approved and crops can be created from it', 'success', 1, 2, '2025-07-14 08:37:29', '2025-07-14 08:37:29'),
(3, 'completed', 'Completed', 'All planned crops have been successfully harvested', 'primary', 1, 3, '2025-07-14 08:37:29', '2025-07-14 08:37:29'),
(4, 'cancelled', 'Cancelled', 'Plan was cancelled and will not be executed', 'danger', 1, 4, '2025-07-14 08:37:29', '2025-07-14 08:37:29');

-- Table: crop_stages (4 rows)
-- Columns: id, code, name, description, color, is_active, sort_order, typical_duration_days, requires_light, requires_watering, created_at, updated_at
INSERT INTO `crop_stages` (`id`, `code`, `name`, `description`, `color`, `is_active`, `sort_order`, `typical_duration_days`, `requires_light`, `requires_watering`, `created_at`, `updated_at`) VALUES
(1, 'germination', 'Germination', 'Seeds are sprouting and developing initial roots and shoots', 'warning', 1, 1, 2, 0, 1, '2025-07-14 08:37:29', '2025-07-14 08:37:29'),
(2, 'blackout', 'Blackout', 'Plants are grown in darkness to encourage stem elongation', 'secondary', 1, 2, 3, 0, 1, '2025-07-14 08:37:29', '2025-07-14 08:37:29'),
(3, 'light', 'Light', 'Plants are exposed to light for photosynthesis and leaf development', 'info', 1, 3, 7, 1, 1, '2025-07-14 08:37:29', '2025-07-14 08:37:29'),
(4, 'harvested', 'Harvested', 'Crop has been harvested and is ready for processing', 'success', 1, 4, NULL, 0, 0, '2025-07-14 08:37:29', '2025-07-14 08:37:29');

-- Table: customer_types (3 rows)
-- Columns: id, code, name, description, is_active, sort_order, created_at, updated_at
INSERT INTO `customer_types` (`id`, `code`, `name`, `description`, `is_active`, `sort_order`, `created_at`, `updated_at`) VALUES
(1, 'retail', 'Retail', 'Individual retail customers purchasing for personal use', 1, 1, '2025-07-14 08:37:29', '2025-07-14 08:37:29'),
(2, 'wholesale', 'Wholesale', 'Bulk purchasing customers with wholesale discount pricing', 1, 2, '2025-07-14 08:37:29', '2025-07-14 08:37:29'),
(3, 'farmers_market', 'Farmers Market', 'Farmers market vendors and stalls with wholesale pricing', 1, 3, '2025-07-14 08:37:29', '2025-07-14 08:37:29');

-- Table: delivery_statuses (5 rows)
-- Columns: id, code, name, description, color, is_active, sort_order, created_at, updated_at
INSERT INTO `delivery_statuses` (`id`, `code`, `name`, `description`, `color`, `is_active`, `sort_order`, `created_at`, `updated_at`) VALUES
(1, 'pending', 'Pending', 'Delivery is scheduled but not yet started', 'gray', 1, 1, '2025-07-14 08:37:29', '2025-07-14 08:37:29'),
(2, 'scheduled', 'Scheduled', 'Delivery has been scheduled', 'blue', 1, 2, '2025-07-14 08:37:29', '2025-07-14 08:37:29'),
(3, 'in_transit', 'In Transit', 'Order is on its way to the customer', 'yellow', 1, 3, '2025-07-14 08:37:29', '2025-07-14 08:37:29'),
(4, 'delivered', 'Delivered', 'Order has been delivered successfully', 'green', 1, 4, '2025-07-14 08:37:29', '2025-07-14 08:37:29'),
(5, 'failed', 'Failed', 'Delivery attempt failed', 'red', 1, 5, '2025-07-14 08:37:29', '2025-07-14 08:37:29');

-- Table: inventory_reservation_statuses (4 rows)
-- Columns: id, code, name, description, color, is_active, sort_order, is_final, allows_modifications, auto_release_hours, created_at, updated_at
INSERT INTO `inventory_reservation_statuses` (`id`, `code`, `name`, `description`, `color`, `is_active`, `sort_order`, `is_final`, `allows_modifications`, `auto_release_hours`, `created_at`, `updated_at`) VALUES
(1, 'pending', 'Pending', 'Reservation is awaiting confirmation and holds inventory temporarily', 'warning', 1, 1, 0, 1, 24, '2025-07-14 08:37:29', '2025-07-14 08:37:29'),
(2, 'confirmed', 'Confirmed', 'Reservation is confirmed and inventory is allocated', 'info', 1, 2, 0, 1, NULL, '2025-07-14 08:37:29', '2025-07-14 08:37:29'),
(3, 'fulfilled', 'Fulfilled', 'Reservation has been fulfilled and inventory released', 'success', 1, 3, 1, 0, NULL, '2025-07-14 08:37:29', '2025-07-14 08:37:29'),
(4, 'cancelled', 'Cancelled', 'Reservation was cancelled and inventory released', 'gray', 1, 4, 1, 0, NULL, '2025-07-14 08:37:29', '2025-07-14 08:37:29');

-- Table: model_has_roles (1 rows)
-- Columns: role_id, model_type, model_id
INSERT INTO `model_has_roles` (`role_id`, `model_type`, `model_id`) VALUES
(1, 'App\\Models\\User', 1);

-- Table: order_classifications (4 rows)
-- Columns: id, code, name, description, color, is_active, sort_order, created_at, updated_at
INSERT INTO `order_classifications` (`id`, `code`, `name`, `description`, `color`, `is_active`, `sort_order`, `created_at`, `updated_at`) VALUES
(1, 'scheduled', 'Scheduled', 'Order planned and scheduled in advance', 'blue', 1, 1, '2025-07-14 08:37:29', '2025-07-14 08:37:29'),
(2, 'ondemand', 'On Demand', 'Order placed for immediate fulfillment', 'yellow', 1, 2, '2025-07-14 08:37:29', '2025-07-14 08:37:29'),
(3, 'overflow', 'Overflow', 'Additional order beyond regular capacity', 'orange', 1, 3, '2025-07-14 08:37:29', '2025-07-14 08:37:29'),
(4, 'priority', 'Priority', 'High-priority order requiring expedited handling', 'red', 1, 4, '2025-07-14 08:37:29', '2025-07-14 08:37:29');

-- Table: order_statuses (9 rows)
-- Columns: id, code, name, description, color, badge_color, stage, requires_crops, is_active, is_final, allows_modifications, sort_order, created_at, updated_at
INSERT INTO `order_statuses` (`id`, `code`, `name`, `description`, `color`, `badge_color`, `stage`, `requires_crops`, `is_active`, `is_final`, `allows_modifications`, `sort_order`, `created_at`, `updated_at`) VALUES
(1, 'draft', 'Draft', 'Order is being prepared and not yet confirmed', 'gray', 'gray', 'pre_production', 0, 1, 0, 1, 1, '2025-07-14 08:37:29', '2025-07-14 08:37:29'),
(2, 'pending', 'Pending', 'Order is waiting for confirmation', 'yellow', 'warning', 'pre_production', 0, 1, 0, 1, 2, '2025-07-14 08:37:29', '2025-07-14 08:37:29'),
(3, 'confirmed', 'Confirmed', 'Order has been confirmed and is ready for production', 'blue', 'primary', 'pre_production', 1, 1, 0, 1, 3, '2025-07-14 08:37:29', '2025-07-14 08:37:29'),
(4, 'in_production', 'In Production', 'Order is currently being grown/produced', 'purple', 'secondary', 'production', 1, 1, 0, 0, 4, '2025-07-14 08:37:29', '2025-07-14 08:37:29'),
(5, 'ready_for_harvest', 'Ready for Harvest', 'Products are ready to be harvested', 'orange', 'warning', 'production', 1, 1, 0, 0, 5, '2025-07-14 08:37:29', '2025-07-14 08:37:29'),
(6, 'harvested', 'Harvested', 'Products have been harvested and are being prepared', 'teal', 'info', 'fulfillment', 1, 1, 0, 0, 6, '2025-07-14 08:37:29', '2025-07-14 08:37:29'),
(7, 'packed', 'Packed', 'Order has been packed and is ready for delivery', 'indigo', 'primary', 'fulfillment', 1, 1, 0, 0, 7, '2025-07-14 08:37:29', '2025-07-14 08:37:29'),
(8, 'delivered', 'Delivered', 'Order has been delivered to customer', 'green', 'success', 'final', 1, 1, 1, 0, 8, '2025-07-14 08:37:29', '2025-07-14 08:37:29'),
(9, 'cancelled', 'Cancelled', 'Order has been cancelled', 'red', 'danger', 'final', 0, 1, 1, 0, 9, '2025-07-14 08:37:29', '2025-07-14 08:37:29');

-- Table: order_types (3 rows)
-- Columns: id, code, name, description, color, is_active, sort_order, created_at, updated_at
INSERT INTO `order_types` (`id`, `code`, `name`, `description`, `color`, `is_active`, `sort_order`, `created_at`, `updated_at`) VALUES
(1, 'b2b', 'B2B', 'Business-to-business bulk order', 'purple', 1, 1, '2025-07-14 08:37:29', '2025-07-14 08:37:29'),
(2, 'website_order', 'Website Order', 'Order placed through the website', 'blue', 1, 2, '2025-07-14 08:37:29', '2025-07-14 08:37:29'),
(3, 'farmers_market', 'Farmer\'s Market', 'Order for farmer\'s market sales', 'green', 1, 3, '2025-07-14 08:37:29', '2025-07-14 08:37:29');

-- Table: packaging_type_categories (7 rows)
-- Columns: id, code, name, description, color, is_active, sort_order, created_at, updated_at
INSERT INTO `packaging_type_categories` (`id`, `code`, `name`, `description`, `color`, `is_active`, `sort_order`, `created_at`, `updated_at`) VALUES
(1, 'clamshell', 'Clamshell', 'Clear plastic containers that open like a clam shell, ideal for showcasing products', 'info', 1, 1, '2025-07-14 08:37:29', '2025-07-14 08:37:29'),
(2, 'bag', 'Bag', 'Flexible packaging including plastic bags, paper bags, and mesh bags', 'primary', 1, 2, '2025-07-14 08:37:29', '2025-07-14 08:37:29'),
(3, 'box', 'Box', 'Rigid rectangular containers made from cardboard, plastic, or wood', 'warning', 1, 3, '2025-07-14 08:37:29', '2025-07-14 08:37:29'),
(4, 'jar', 'Jar', 'Glass or plastic containers with lids, typically cylindrical', 'success', 1, 4, '2025-07-14 08:37:29', '2025-07-14 08:37:29'),
(5, 'tray', 'Tray', 'Flat containers with raised edges, often used for displaying multiple items', 'purple', 1, 5, '2025-07-14 08:37:29', '2025-07-14 08:37:29'),
(6, 'bulk', 'Bulk', 'Large containers or loose packaging for wholesale quantities', 'secondary', 1, 6, '2025-07-14 08:37:29', '2025-07-14 08:37:29'),
(7, 'other', 'Other', 'Miscellaneous packaging types not covered by standard categories', 'gray', 1, 7, '2025-07-14 08:37:29', '2025-07-14 08:37:29');

-- Table: packaging_unit_types (2 rows)
-- Columns: id, code, name, description, color, is_active, sort_order, created_at, updated_at
INSERT INTO `packaging_unit_types` (`id`, `code`, `name`, `description`, `color`, `is_active`, `sort_order`, `created_at`, `updated_at`) VALUES
(1, 'count', 'Count', 'Packaging sold by individual units or pieces', 'primary', 1, 1, '2025-07-14 08:37:29', '2025-07-14 08:37:29'),
(2, 'weight', 'Weight', 'Packaging sold by weight measurement (grams, kilograms, etc.)', 'warning', 1, 2, '2025-07-14 08:37:29', '2025-07-14 08:37:29');

-- Table: payment_methods (4 rows)
-- Columns: id, code, name, description, color, is_active, requires_processing, sort_order, created_at, updated_at
INSERT INTO `payment_methods` (`id`, `code`, `name`, `description`, `color`, `is_active`, `requires_processing`, `sort_order`, `created_at`, `updated_at`) VALUES
(1, 'stripe', 'Credit Card (Stripe)', 'Online credit card payments processed through Stripe', 'blue', 1, 1, 1, '2025-07-14 08:37:29', '2025-07-14 08:37:29'),
(2, 'e-transfer', 'E-Transfer', 'Interac e-Transfer electronic payment', 'green', 1, 0, 2, '2025-07-14 08:37:29', '2025-07-14 08:37:29'),
(3, 'cash', 'Cash', 'Cash payment on delivery or pickup', 'yellow', 1, 0, 3, '2025-07-14 08:37:29', '2025-07-14 08:37:29'),
(4, 'invoice', 'Invoice', 'Payment by invoice with net terms', 'purple', 1, 0, 4, '2025-07-14 08:37:29', '2025-07-14 08:37:29');

-- Table: payment_statuses (4 rows)
-- Columns: id, code, name, description, color, is_active, sort_order, is_final, allows_modifications, created_at, updated_at
INSERT INTO `payment_statuses` (`id`, `code`, `name`, `description`, `color`, `is_active`, `sort_order`, `is_final`, `allows_modifications`, `created_at`, `updated_at`) VALUES
(1, 'pending', 'Pending', 'Payment is awaiting processing or confirmation', 'warning', 1, 1, 0, 1, '2025-07-14 08:37:29', '2025-07-14 08:37:29'),
(2, 'completed', 'Completed', 'Payment has been successfully processed and confirmed', 'success', 1, 2, 1, 0, '2025-07-14 08:37:29', '2025-07-14 08:37:29'),
(3, 'failed', 'Failed', 'Payment processing failed or was rejected', 'danger', 1, 3, 0, 1, '2025-07-14 08:37:29', '2025-07-14 08:37:29'),
(4, 'refunded', 'Refunded', 'Payment has been refunded to the customer', 'info', 1, 4, 1, 0, '2025-07-14 08:37:29', '2025-07-14 08:37:29');

-- Table: permissions (7 rows)
-- Columns: id, name, guard_name, created_at, updated_at
INSERT INTO `permissions` (`id`, `name`, `guard_name`, `created_at`, `updated_at`) VALUES
(1, 'access filament', 'web', '2025-07-14 08:37:28', '2025-07-14 08:37:28'),
(2, 'manage products', 'web', '2025-07-14 08:37:28', '2025-07-14 08:37:28'),
(3, 'view products', 'web', '2025-07-14 08:37:28', '2025-07-14 08:37:28'),
(4, 'edit products', 'web', '2025-07-14 08:37:28', '2025-07-14 08:37:28'),
(5, 'delete products', 'web', '2025-07-14 08:37:28', '2025-07-14 08:37:28'),
(6, 'view_own_orders', 'web', '2025-07-14 08:37:28', '2025-07-14 08:37:28'),
(7, 'view_own_profile', 'web', '2025-07-14 08:37:28', '2025-07-14 08:37:28');

-- Table: product_stock_statuses (4 rows)
-- Columns: id, code, name, description, color, is_active, sort_order, created_at, updated_at
INSERT INTO `product_stock_statuses` (`id`, `code`, `name`, `description`, `color`, `is_active`, `sort_order`, `created_at`, `updated_at`) VALUES
(1, 'in_stock', 'In Stock', 'Product is available and in stock', 'success', 1, 1, '2025-07-14 08:37:29', '2025-07-14 08:37:29'),
(2, 'low_stock', 'Low Stock', 'Product is available but stock is running low', 'warning', 1, 2, '2025-07-14 08:37:29', '2025-07-14 08:37:29'),
(3, 'out_of_stock', 'Out of Stock', 'Product is temporarily unavailable', 'danger', 1, 3, '2025-07-14 08:37:29', '2025-07-14 08:37:29'),
(4, 'discontinued', 'Discontinued', 'Product is no longer available and will not be restocked', 'gray', 1, 4, '2025-07-14 08:37:29', '2025-07-14 08:37:29');

-- Table: role_has_permissions (11 rows)
-- Columns: permission_id, role_id
INSERT INTO `role_has_permissions` (`permission_id`, `role_id`) VALUES
(1, 1),
(2, 1),
(3, 1),
(4, 1),
(5, 1),
(3, 2),
(4, 2),
(1, 2),
(3, 3),
(6, 4),
(7, 4);

-- Table: roles (4 rows)
-- Columns: id, name, guard_name, created_at, updated_at
INSERT INTO `roles` (`id`, `name`, `guard_name`, `created_at`, `updated_at`) VALUES
(1, 'admin', 'web', '2025-07-14 08:37:28', '2025-07-14 08:37:28'),
(2, 'manager', 'web', '2025-07-14 08:37:28', '2025-07-14 08:37:28'),
(3, 'user', 'web', '2025-07-14 08:37:28', '2025-07-14 08:37:28'),
(4, 'customer', 'web', '2025-07-14 08:37:28', '2025-07-14 08:37:28');

-- Table: sessions (1 rows)
-- Columns: id, user_id, ip_address, user_agent, payload, last_activity
INSERT INTO `sessions` (`id`, `user_id`, `ip_address`, `user_agent`, `payload`, `last_activity`) VALUES
('XIBpKa6HALim8NbBXAU9e70Tjrej7DPPgftrTPVJ', 1, '127.0.0.1', 'Mozilla/5.0 (Macintosh; Intel Mac OS X 10.15; rv:140.0) Gecko/20100101 Firefox/140.0', 'YTo4OntzOjY6Il90b2tlbiI7czo0MDoiUUd6OXBLclZLOTd1YmxXeUdsMnJKUTFYVllBc2ZqRzNIc1VhbzhneSI7czozOiJ1cmwiO2E6MDp7fXM6OToiX3ByZXZpb3VzIjthOjE6e3M6MzoidXJsIjtzOjQ0OiJodHRwczovL2NhdGFwdWx0LnRlc3QvYWRtaW4vZGF0YWJhc2UtY29uc29sZSI7fXM6NjoiX2ZsYXNoIjthOjI6e3M6Mzoib2xkIjthOjA6e31zOjM6Im5ldyI7YTowOnt9fXM6NTA6ImxvZ2luX3dlYl81OWJhMzZhZGRjMmIyZjk0MDE1ODBmMDE0YzdmNThlYTRlMzA5ODlkIjtpOjE7czoxNDoianVzdF9sb2dnZWRfaW4iO2I6MTtzOjE3OiJwYXNzd29yZF9oYXNoX3dlYiI7czo2MDoiJDJ5JDEyJFRDbWdYdENsbUczdkVZS0c1QWZRVmUzazFhWFpjQnRsQVdzYTFkRzJocXR1ckFqWk1EbDJHIjtzOjg6ImZpbGFtZW50IjthOjA6e319', 1752508069);

-- Table: supplier_types (5 rows)
-- Columns: id, code, name, description, is_active, sort_order, created_at, updated_at
INSERT INTO `supplier_types` (`id`, `code`, `name`, `description`, `is_active`, `sort_order`, `created_at`, `updated_at`) VALUES
(1, 'soil', 'Soil', 'Suppliers providing growing medium, soil amendments, and growing substrates', 1, 1, '2025-07-14 08:37:29', '2025-07-14 08:37:29'),
(2, 'seed', 'Seeds', 'Suppliers providing seeds, seedlings, and planting materials', 1, 2, '2025-07-14 08:37:29', '2025-07-14 08:37:29'),
(3, 'consumable', 'Consumables', 'Suppliers providing general consumable items and supplies', 1, 3, '2025-07-14 08:37:29', '2025-07-14 08:37:29'),
(4, 'packaging', 'Packaging', 'Suppliers providing packaging materials, containers, and labeling supplies', 1, 4, '2025-07-14 08:37:29', '2025-07-14 08:37:29'),
(5, 'other', 'Other', 'Suppliers providing miscellaneous items not covered by other categories', 1, 5, '2025-07-14 08:37:29', '2025-07-14 08:37:29');

-- Table: task_types (34 rows)
-- Columns: id, name, category, sort_order, is_active, created_at, updated_at
INSERT INTO `task_types` (`id`, `name`, `category`, `sort_order`, `is_active`, `created_at`, `updated_at`) VALUES
(1, 'Planting Seeds', 'growing', 1, 1, '2025-07-14 08:37:29', '2025-07-14 08:37:29'),
(2, 'Watering', 'growing', 2, 1, '2025-07-14 08:37:29', '2025-07-14 08:37:29'),
(3, 'Harvesting', 'growing', 3, 1, '2025-07-14 08:37:29', '2025-07-14 08:37:29'),
(4, 'Washing Trays', 'growing', 4, 1, '2025-07-14 08:37:29', '2025-07-14 08:37:29'),
(5, 'Making Trays', 'growing', 5, 1, '2025-07-14 08:37:29', '2025-07-14 08:37:29'),
(6, 'Making Soil', 'growing', 6, 1, '2025-07-14 08:37:29', '2025-07-14 08:37:29'),
(7, 'Seed Soaking', 'growing', 7, 1, '2025-07-14 08:37:29', '2025-07-14 08:37:29'),
(8, 'Transplanting', 'growing', 8, 1, '2025-07-14 08:37:29', '2025-07-14 08:37:29'),
(9, 'Quality Control', 'growing', 9, 1, '2025-07-14 08:37:29', '2025-07-14 08:37:29'),
(10, 'Cleaning Growing Area', 'maintenance', 1, 1, '2025-07-14 08:37:29', '2025-07-14 08:37:29'),
(11, 'Equipment Maintenance', 'maintenance', 2, 1, '2025-07-14 08:37:29', '2025-07-14 08:37:29'),
(12, 'Organizing Supplies', 'maintenance', 3, 1, '2025-07-14 08:37:29', '2025-07-14 08:37:29'),
(13, 'Sanitizing Equipment', 'maintenance', 4, 1, '2025-07-14 08:37:29', '2025-07-14 08:37:29'),
(14, 'Waste Management', 'maintenance', 5, 1, '2025-07-14 08:37:29', '2025-07-14 08:37:29'),
(15, 'Temperature Control', 'maintenance', 6, 1, '2025-07-14 08:37:29', '2025-07-14 08:37:29'),
(16, 'Humidity Control', 'maintenance', 7, 1, '2025-07-14 08:37:29', '2025-07-14 08:37:29'),
(17, 'Computer Work', 'administrative', 1, 1, '2025-07-14 08:37:29', '2025-07-14 08:37:29'),
(18, 'Bookkeeping', 'administrative', 2, 1, '2025-07-14 08:37:29', '2025-07-14 08:37:29'),
(19, 'Invoicing', 'administrative', 3, 1, '2025-07-14 08:37:29', '2025-07-14 08:37:29'),
(20, 'Customer Communication', 'administrative', 4, 1, '2025-07-14 08:37:29', '2025-07-14 08:37:29'),
(21, 'Inventory Management', 'administrative', 5, 1, '2025-07-14 08:37:29', '2025-07-14 08:37:29'),
(22, 'Order Processing', 'administrative', 6, 1, '2025-07-14 08:37:29', '2025-07-14 08:37:29'),
(23, 'Data Entry', 'administrative', 7, 1, '2025-07-14 08:37:29', '2025-07-14 08:37:29'),
(24, 'Planning & Scheduling', 'administrative', 8, 1, '2025-07-14 08:37:29', '2025-07-14 08:37:29'),
(25, 'Packaging Products', 'packaging', 1, 1, '2025-07-14 08:37:29', '2025-07-14 08:37:29'),
(26, 'Labeling', 'packaging', 2, 1, '2025-07-14 08:37:29', '2025-07-14 08:37:29'),
(27, 'Delivery Preparation', 'packaging', 3, 1, '2025-07-14 08:37:29', '2025-07-14 08:37:29'),
(28, 'Delivery', 'packaging', 4, 1, '2025-07-14 08:37:29', '2025-07-14 08:37:29'),
(29, 'Loading/Unloading', 'packaging', 5, 1, '2025-07-14 08:37:29', '2025-07-14 08:37:29'),
(30, 'Team Meeting', 'other', 1, 1, '2025-07-14 08:37:29', '2025-07-14 08:37:29'),
(31, 'Training', 'other', 2, 1, '2025-07-14 08:37:29', '2025-07-14 08:37:29'),
(32, 'Research & Development', 'other', 3, 1, '2025-07-14 08:37:29', '2025-07-14 08:37:29'),
(33, 'Supplier Communication', 'other', 4, 1, '2025-07-14 08:37:29', '2025-07-14 08:37:29'),
(34, 'Break Time', 'other', 5, 1, '2025-07-14 08:37:29', '2025-07-14 08:37:29');

-- Table: users (1 rows)
-- Columns: id, name, email, phone, email_verified_at, password, customer_type_id, wholesale_discount_percentage, company_name, address, city, state, zip, remember_token, created_at, updated_at
INSERT INTO `users` (`id`, `name`, `email`, `phone`, `email_verified_at`, `password`, `customer_type_id`, `wholesale_discount_percentage`, `company_name`, `address`, `city`, `state`, `zip`, `remember_token`, `created_at`, `updated_at`) VALUES
(1, 'Admin', 'charybshawn@gmail.com', '250-000-0000', '2025-07-14 08:37:29', '$2y$12$TCmgXtClmG3vEYKG5AfQVe3k1aXZcBtlAWsa1dG2hqturAjZMDl2G', NULL, '0.00', NULL, NULL, NULL, NULL, NULL, NULL, '2025-07-14 08:37:29', '2025-07-14 08:37:29');

SET FOREIGN_KEY_CHECKS=1;
